ลำดับ,id,หมวด,โหมด,คำถามลูกค้า,ร่างคำตอบ / แนวทาง (มีช่อง «...» ให้เติม),คำตอบจริง (แบรนด์กรอก),ข้อมูลที่ต้องเติม,หมายเหตุความปลอดภัย,อนุมัติโดย,สถานะ
1,faq-I01-ingredients,ข้อมูลสินค้า,🤖 ระบบตอบเองได้,โกโก้มีส่วนผสมอะไรบ้าง,«ชื่อสินค้า» มีส่วนผสมหลักคือ «ส่วนผสม» ค่ะ 🍫 (ดูรายละเอียดบนฉลากข้างบรรจุภัณฑ์),,รายการส่วนผสมทางการต่อ SKU,ถ้าถามพ่วงแพ้/เจ/เบาหวาน จะเป็น I03 ส่งคน ห้ามตอบเอง,,draft
2,faq-I01-pack-size,ข้อมูลสินค้า,🤖 ระบบตอบเองได้,ขนาดบรรจุมีกี่ขนาด กี่กรัม,«ชื่อสินค้า» มีขนาด «รายการขนาด เช่น 100g / 500g / 1kg» ค่ะ,,ขนาดบรรจุทุกรุ่น,,,draft
3,faq-I01-sugar-amount,ข้อมูลสินค้า,🤖 ระบบตอบเองได้,ปริมาณน้ำตาลกี่กรัม หวานไหม,«ชื่อสินค้า» มีน้ำตาล «ปริมาณต่อหน่วยบริโภค» «ระดับความหวาน/สูตรไม่เติมน้ำตาล (ถ้ามี)» ค่ะ,,ค่าน้ำตาลต่อหน่วยบริโภค / มีสูตรไม่เติมน้ำตาลไหม,ถ้าลูกค้าบอกเป็นเบาหวาน/คุมน้ำตาล → I03 ส่งคน,,draft
4,faq-I01-dutch-process,ข้อมูลสินค้า,🤖 ระบบตอบเองได้,เป็นโกโก้ชนิด dutchprocess ไหม,«ชื่อสินค้า» «เป็น/ไม่เป็น» โกโก้ผ่านกระบวนการ dutch process ค่ะ «อธิบายสั้นๆ ถ้าต้องการ»,,กระบวนการผลิตต่อ SKU,,,draft
5,faq-I01-product-lineup,ข้อมูลสินค้า,🤖 ระบบตอบเองได้,มีสินค้าอะไรบ้าง มีรุ่นไหนบ้าง,ตอนนี้เรามีสินค้า «รายการสินค้า/รุ่น» ค่ะ 🛍️,,รายการสินค้าทั้งหมดที่ยังจำหน่าย,,,draft
6,faq-I01-cocoa-percent,ข้อมูลสินค้า,🤖 ระบบตอบเองได้,โกโก้กี่เปอร์เซ็นต์,«ชื่อสินค้า» มีปริมาณโกโก้ «เปอร์เซ็นต์» ค่ะ,,เปอร์เซ็นต์โกโก้ต่อ SKU,,,draft
7,faq-I02-how-to-use,วิธีใช้/เก็บ,🤖 ระบบตอบเองได้,ใช้ยังไง ใช้ทำอะไรได้บ้าง,«ชื่อสินค้า» ใช้ «วิธีใช้งานหลัก เช่น ชงกับนม/น้ำร้อน อัตราส่วน...» ค่ะ ☕,,วิธีใช้งาน/อัตราส่วนที่แนะนำ,,,draft
8,faq-I02-recipe,วิธีใช้/เก็บ,🤖 ระบบตอบเองได้,มีสูตรหรือเมนูแนะนำไหม,มีค่ะ 😋 เมนูแนะนำ «รายการเมนู/ลิงก์สูตร»,,เมนู/สูตรที่อยากแนะนำ / ลิงก์สูตร (ถ้ามี),,,draft
9,faq-I02-storage,วิธีใช้/เก็บ,🤖 ระบบตอบเองได้,เก็บรักษายังไง ต้องแช่ตู้เย็นไหม,เก็บ «ชื่อสินค้า» «วิธีเก็บ เช่น ในที่แห้ง เลี่ยงแดด/ความชื้น» «ต้อง/ไม่ต้องแช่เย็น» ค่ะ,,วิธีเก็บรักษาทางการ / ต้องแช่เย็นหรือไม่ / อายุหลังเปิด,,,draft
10,faq-I04-price,ราคา/ค่าส่ง,🤖 ระบบตอบเองได้,ราคาเท่าไหร่,ราคา «ชื่อสินค้า» อยู่ที่ «ราคา» บาทค่ะ 💰,,ราคาขายปลีกต่อ SKU / โปรโมชันปัจจุบัน,ถ้าถามราคาส่ง/ยกลัง → I07 ส่งทีมขาย,,draft
11,faq-I04-shipping-fee,ราคา/ค่าส่ง,🤖 ระบบตอบเองได้,ค่าส่งคิดยังไง กี่บาท,ค่าจัดส่ง «เงื่อนไข เช่น เริ่มต้น XX บาท / ส่งฟรีเมื่อครบ XX บาท» ค่ะ 📦,,เงื่อนไขค่าจัดส่ง / เกณฑ์ส่งฟรี,,,draft
12,faq-I05-where-buy,ช่องทางซื้อ,🤖 ระบบตอบเองได้,ซื้อที่ไหนได้บ้าง มีช่องทางไหน,สั่งซื้อได้ที่ช่องทางทางการของเราค่ะ 🛒 «รายชื่อช่องทาง + ลิงก์»,,ช่องทางทางการทั้งหมด / ลิงก์แต่ละช่องทาง,,,draft
13,faq-I05-online-marketplace,ช่องทางซื้อ,🤖 ระบบตอบเองได้,มีขายใน Shopee หรือ Lazada ไหม,"มีค่ะ 🛍️
• Shopee: «ลิงก์»
• Lazada: «ลิงก์»",,ลิงก์ร้าน Shopee / ลิงก์ร้าน Lazada,,,draft
14,faq-I05-official-store,ช่องทางซื้อ,🤖 ระบบตอบเองได้,มีหน้าร้าน หรือจำหน่ายที่ไหนบ้าง,จุดจำหน่าย «รายชื่อหน้าร้าน/ตัวแทน» ค่ะ,,รายชื่อจุดจำหน่าย/หน้าร้าน,,,draft
15,faq-I06-still-produced,สถานะสินค้า,👤 ส่งคน (ร่างช่วยตอบ),ยังผลิตอยู่ไหม เลิกผลิตหรือยัง,สินค้า «ชื่อ» «ยังจำหน่ายปกติ / หยุดผลิตชั่วคราว / เลิกผลิตแล้ว» ค่ะ,,สถานะการผลิตปัจจุบันต่อ SKU,,,draft
16,faq-I06-out-of-stock,สถานะสินค้า,👤 ส่งคน (ร่างช่วยตอบ),ของหมดหรือเปล่า หาซื้อไม่ได้เลย,ขณะนี้ «ชื่อสินค้า» «สถานะสต็อก» ค่ะ «รอบของเข้าถัดไปประมาณ ...»,,สถานะสต็อก / รอบของเข้า,,,draft
17,faq-I09-campaign-rules,กิจกรรม/รางวัล,👤 ส่งคน (ร่างช่วยตอบ),กติกากิจกรรมเป็นยังไง,กิจกรรม «ชื่อแคมเปญ» มีกติกา «สรุปกติกา» ระยะเวลา «วันเริ่ม-สิ้นสุด» ค่ะ 🎁,,กติกาแคมเปญปัจจุบัน / ระยะเวลา,"ปัญหาเฉพาะตัว (แลกไม่ได้/สิทธิ์) = I11, รหัสใช้ไม่ได้ = I10 ส่งคน",,draft
18,faq-I09-collect-points,กิจกรรม/รางวัล,🤖 ระบบตอบเองได้,สะสมแต้มยังไง,วิธีสะสมแต้ม «ขั้นตอน» ค่ะ ⭐,,วิธีสะสมแต้ม / แต้มหมดอายุไหม,,,draft
19,faq-I09-redeem-howto,กิจกรรม/รางวัล,👤 ส่งคน (ร่างช่วยตอบ),แลกของรางวัลทำยังไง มีของรางวัลอะไรบ้าง,การแลกของรางวัล «ขั้นตอน» ของรางวัลที่มี «รายการ» ค่ะ,,ขั้นตอนการแลก / รายการของรางวัล,ถ้าลูกค้าแลกแล้วมีปัญหา/ทวงของ = I11 ส่งคน,,draft
20,faq-I09-lucky-draw,กิจกรรม/รางวัล,🤖 ระบบตอบเองได้,ชิงโชคยังไง ประกาศผลเมื่อไหร่,กิจกรรมชิงโชค «กติกา» ประกาศผล «วันที่/ช่องทาง» ค่ะ,,กติกาชิงโชค / วันประกาศผล / ช่องทางประกาศ,,,draft
21,faq-I15-workshop,เวิร์กช็อป/อีเวนต์,🤖 ระบบตอบเองได้,มี workshop ไหม จัดเมื่อไหร่,มีค่ะ 📣 «ชื่อเวิร์กช็อป» วันที่ «วันเวลา» สถานที่ «สถานที่»,,รายละเอียดเวิร์กช็อปที่จะจัด / วันเวลา-สถานที่,การสมัครจริง (I16) ส่งคน เพราะมีข้อมูลส่วนตัว,,draft
22,faq-I15-event-location,เวิร์กช็อป/อีเวนต์,🤖 ระบบตอบเองได้,จัดกิจกรรมที่ไหน มีออกบูธที่ไหนบ้าง,กิจกรรม/บูธของเรา «สถานที่ + วันเวลา» ค่ะ,,ตารางออกบูธ/กิจกรรม,,,draft
23,faq-I15-event-cost,เวิร์กช็อป/อีเวนต์,🤖 ระบบตอบเองได้,ร่วมกิจกรรมมีค่าใช้จ่ายไหม,กิจกรรม «ชื่อ» «ฟรี / ค่าเข้าร่วม ... บาท» ค่ะ,,ค่าเข้าร่วมกิจกรรม (ถ้ามี),,,draft
24,faq-I01-new-product,ข้อมูลสินค้า,🤖 ระบบตอบเองได้,มีสินค้าตัวใหม่ไหม มีรุ่นใหม่ออกมาไหม,ตอนนี้เรามี «สินค้าใหม่/รุ่นล่าสุด» ค่ะ ✨,,สินค้าใหม่/รุ่นล่าสุด (ถ้ามี),,,draft
25,faq-I02-shelf-life,วิธีใช้/เก็บ,🤖 ระบบตอบเองได้,เปิดแล้วเก็บได้นานแค่ไหน อยู่ได้กี่วัน,หลังเปิด «ชื่อสินค้า» เก็บได้ประมาณ «ระยะเวลา» «เงื่อนไขการเก็บ» ค่ะ,,อายุหลังเปิด / เงื่อนไขการเก็บหลังเปิด,,,draft
26,faq-I02-make-drink,วิธีใช้/เก็บ,🤖 ระบบตอบเองได้,ชงยังไงให้อร่อย วิธีใช้ที่แนะนำ,วิธีชง «ขั้นตอน/อัตราส่วน» ค่ะ ☕ แนะนำ «ทริค/ท็อปปิ้ง»,,วิธีชงที่แนะนำ / อัตราส่วน,,,draft
27,faq-I04-promotion,ราคา/ค่าส่ง,🤖 ระบบตอบเองได้,ช่วงนี้มีลดราคาหรือโปรไหม,ช่วงนี้ «มีโปร ... / ยังไม่มีโปรโมชัน» ค่ะ 🏷️,,โปรโมชันปัจจุบัน / ช่วงเวลาโปร,,,draft
28,faq-I05-order-channel,ช่องทางซื้อ,🤖 ระบบตอบเองได้,สั่งซื้อช่องทางไหนได้บ้าง สั่งตรงได้ไหม,สั่งซื้อได้ทาง «ช่องทางการสั่ง เช่น แชทเพจ/ไลน์/เว็บ/มาร์เก็ตเพลส» ค่ะ 🛒,,ช่องทางการสั่งซื้อทั้งหมด / สั่งตรงได้หรือไม่,,,draft
29,faq-I06-restock-when,สถานะสินค้า,👤 ส่งคน (ร่างช่วยตอบ),ของหมดจะเข้าเมื่อไหร่ ยังมีขายอีกไหม,สินค้า «ชื่อ» คาดว่าจะเข้าอีกครั้งประมาณ «ช่วงเวลา» ค่ะ,,รอบของเข้าถัดไป,,,draft
30,faq-I09-code-location,กิจกรรม/รางวัล,🤖 ระบบตอบเองได้,โค้ดของรางวัลอยู่ตรงไหน หาไม่เจอ,โค้ดร่วมกิจกรรมอยู่ที่ «ตำแหน่งบนบรรจุภัณฑ์/ใบเสร็จ» ค่ะ,,ตำแหน่งโค้ดบนสินค้า,ถ้าโค้ดใช้ไม่ได้/ระบบ error = I10 ส่งคน,,draft
31,faq-I01-calories,ข้อมูลสินค้า,👤 ส่งคน (ร่างช่วยตอบ),มีกี่แคลอรี ไขมันเท่าไร,«ชื่อสินค้า» ต่อหน่วยบริโภคมีพลังงาน «แคลอรี» ไขมัน «กรัม» โปรตีน «กรัม» ค่ะ,,ค่าโภชนาการต่อหน่วยบริโภค,,,draft
32,faq-I01-cocoa-powder,ข้อมูลสินค้า,🤖 ระบบตอบเองได้,เป็นผงโกโก้แท้ไหม,«ชื่อสินค้า» เป็น «ผงโกโก้แท้ 100% / สูตรผสม ...» ค่ะ,,เป็นโกโก้แท้หรือสูตรผสม,,,draft
33,faq-I02-dissolve,วิธีใช้/เก็บ,🤖 ระบบตอบเองได้,ละลายในน้ำร้อนง่ายไหม,«ชื่อสินค้า» ละลาย «ง่าย/ต้องคนสักครู่» ในน้ำ «อุณหภูมิ» ค่ะ,,คุณสมบัติการละลาย / อุณหภูมิน้ำที่แนะนำ,,,draft
34,faq-I02-ratio,วิธีใช้/เก็บ,🤖 ระบบตอบเองได้,อัตราส่วนการชงที่แนะนำเท่าไร,แนะนำอัตราส่วน «ผง : น้ำ/นม» ค่ะ ปรับได้ตามชอบ,,อัตราส่วนที่แนะนำ,,,draft
35,faq-I04-free-shipping,ราคา/ค่าส่ง,🤖 ระบบตอบเองได้,ส่งฟรีไหม ซื้อครบเท่าไหร่ถึงส่งฟรี,«ส่งฟรีเมื่อซื้อครบ XX บาท / มีค่าส่ง XX บาท» ค่ะ 📦,,เกณฑ์ส่งฟรี / ค่าส่งปกติ,,,draft
36,faq-I04-discount,ราคา/ค่าส่ง,🤖 ระบบตอบเองได้,มีส่วนลดหรือโปรโมชันไหม,ช่วงนี้ «มีส่วนลด ... / ยังไม่มีโปรโมชัน» ค่ะ 🏷️,,ส่วนลด/โปรโมชันปัจจุบัน,,,draft
37,faq-I05-buy-tiktok,ช่องทางซื้อ,🤖 ระบบตอบเองได้,สั่งซื้อผ่าน tiktok ได้ไหม,สั่งซื้อทาง TikTok Shop ได้ค่ะ 🛒 «ลิงก์ร้าน TikTok»,,ลิงก์ร้าน TikTok (ถ้ามี),,,draft
38,faq-I05-branch,ช่องทางซื้อ,🤖 ระบบตอบเองได้,มีสาขาที่ไหนบ้าง,จุดจำหน่าย/สาขา «รายชื่อสาขา/ตัวแทน» ค่ะ,,รายชื่อสาขา/ตัวแทนจำหน่าย,,,draft
39,faq-I06-restock-q,สถานะสินค้า,👤 ส่งคน (ร่างช่วยตอบ),restock เมื่อไหร่ สินค้าหมดบ่อย,สินค้า «ชื่อ» คาดว่าจะเติมสต็อกอีกครั้ง «ช่วงเวลา» ค่ะ ขออภัยในความไม่สะดวก,,รอบเติมสต็อก,,,draft
40,faq-I09-current-campaign,กิจกรรม/รางวัล,🤖 ระบบตอบเองได้,ตอนนี้มีแคมเปญอะไรบ้าง,ตอนนี้มีแคมเปญ «ชื่อ + สรุป» ค่ะ 🎉 รายละเอียด «ลิงก์»,,แคมเปญที่กำลังจัด / ลิงก์รายละเอียด,,,draft
41,faq-I15-event-upcoming,เวิร์กช็อป/อีเวนต์,🤖 ระบบตอบเองได้,มีอีเวนต์หรืองานแฟร์เร็วๆนี้ไหม,เร็วๆ นี้มี «ชื่ออีเวนต์/งานแฟร์» วันที่ «วันเวลา» ที่ «สถานที่» ค่ะ,,อีเวนต์/งานแฟร์ที่จะจัด,,,draft
42,faq-I15-teaching,เวิร์กช็อป/อีเวนต์,🤖 ระบบตอบเองได้,มีคลาสสอนทำหรือสาธิตไหม,มีค่ะ 👩‍🍳 «ชื่อคลาส/สาธิต» วันที่ «วันเวลา» สมัคร «ช่องทาง»,,รายละเอียดคลาส/สาธิต / ช่องทางสมัคร,การสมัครจริง (I16) ส่งคน,,draft
43,faq-I03-allergy,แพ้/เจ/ฮาลาล ⚠️,👤 ส่งคน (ร่างช่วยตอบ),แพ้นมแพ้ถั่ว กินได้ไหม ปลอดภัยไหม,[แนวทางพนักงาน] ตอบตามข้อมูลสารก่อภูมิแพ้ทางการเท่านั้น ห้ามเดา → «ข้อมูลสารก่อภูมิแพ้ทางการ» หากไม่แน่ใจส่งต่อแบรนด์ยืนยันก่อนตอบ,,ตารางสารก่อภูมิแพ้ต่อ SKU / ผู้มีอำนาจยืนยัน,ความปลอดภัยส่วนบุคคล - ส่งคน/แบรนด์ ห้ามระบบตอบเอง,,draft
44,faq-I03-vegan-jay,แพ้/เจ/ฮาลาล ⚠️,👤 ส่งคน (ร่างช่วยตอบ),โกโก้กินเจได้ไหม เป็นวีแกนหรือมังสวิรัติไหม,[แนวทางพนักงาน] ตอบตามการรับรองทางการ → «สถานะเจ/วีแกน/ส่วนผสมจากสัตว์ (ถ้ามี)»,,สถานะเจ/วีแกนต่อ SKU / มีส่วนผสมจากสัตว์ไหม,คำกล่าวอ้างทางการ (formal claim) - ส่งคน ห้ามระบบตอบเอง,,draft
45,faq-I03-halal,แพ้/เจ/ฮาลาล ⚠️,👤 ส่งคน (ร่างช่วยตอบ),มีฮาลาลไหม halal certified ไหม,[แนวทางพนักงาน] ตอบตามใบรับรองจริง → «สถานะฮาลาล + เลขที่รับรอง (ถ้ามี)»,,สถานะฮาลาลต่อ SKU / เลขที่ใบรับรอง,คำกล่าวอ้างทางการ - ส่งคน ห้ามระบบตอบเอง,,draft
46,faq-I07-wholesale,ขายส่ง ⚠️,👤 ส่งคน (ร่างช่วยตอบ),ขายส่งยกลัง ขั้นต่ำกี่ลัง ราคาส่งเท่าไหร่,[ร่างช่วยทีมขาย] เงื่อนไขขายส่ง: ขั้นต่ำ «จำนวน» ราคาส่ง «ราคา/ส่วนลดขั้นบันได» เงื่อนไข «...»,,ราคาส่ง/ขั้นบันได / ขั้นต่ำการสั่ง / เงื่อนไขตัวแทน,เงื่อนไขการค้า - ส่งทีมขาย ห้ามระบบตอบเอง,,draft
47,faq-I07-reseller,ขายส่ง ⚠️,👤 ส่งคน (ร่างช่วยตอบ),อยากรับไปขาย เปิดร้าน ต้องทำยังไง,[ร่างช่วยทีมขาย] การเป็นตัวแทน/รับไปขาย: «ขั้นตอน/คุณสมบัติ/ติดต่อทีมขาย»,,ขั้นตอนสมัครตัวแทน / ช่องทางติดต่อทีมขาย,,,draft
48,faq-I08-contact-sales,ติดต่อฝ่ายขาย,👤 ส่งคน (ร่างช่วยตอบ),ขอติดต่อฝ่ายขาย เซลล์ ติดต่อกลับได้ไหม,[ร่างช่วยทีม] รับเรื่องติดต่อทีมขาย: «ช่องทาง/เบอร์/เวลาติดต่อกลับ»,,ช่องทางติดต่อทีมขาย / เวลาทำการ,,,draft
49,faq-I10-code-error,ปัญหารหัส,👤 ส่งคน (ร่างช่วยตอบ),ใส่รหัสไม่ได้ ระบบขึ้น error,[ร่างช่วยทีม] แก้ปัญหารหัส: «ขั้นตอนเบื้องต้น เช่น ตรวจตัวอักษร/ช่องว่าง» หากยังไม่ได้ส่งต่อทีมดูแลระบบ,,ขั้นตอนแก้ปัญหารหัสเบื้องต้น / ทีมดูแลระบบรหัส,,,draft
50,faq-I11-redeem-problem,ปัญหาการแลก,👤 ส่งคน (ร่างช่วยตอบ),กดแลกของรางวัลแล้วยังไม่ได้ของ สิทธิ์หายไป,[ร่างช่วยทีม] ตรวจสอบสถานะการแลก/สิทธิ์รายเคส: «ขอข้อมูลยืนยันตัวตน/เลขอ้างอิง» แล้วตรวจในระบบ,,ขั้นตอนตรวจสอบสิทธิ์ / ข้อมูลที่ต้องขอจากลูกค้า,มีข้อมูลส่วนตัว - ส่งคน,,draft
51,faq-I12-tracking,ติดตามพัสดุ,👤 ส่งคน (ร่างช่วยตอบ),ยังไม่ได้รับของเลย ขอเลขพัสดุ tracking,[ร่างช่วยทีม] ตรวจสอบการจัดส่งรายเคส: «ขอเลขออเดอร์/ชื่อ» แล้วแจ้งเลขพัสดุ + สถานะ,,ขั้นตอนเช็กเลขพัสดุ / ข้อมูลที่ต้องขอจากลูกค้า,มีข้อมูลส่วนตัว - ส่งคน,,draft
52,faq-I13-change-address,แก้ที่อยู่,👤 ส่งคน (ร่างช่วยตอบ),ขอเปลี่ยนที่อยู่จัดส่ง แก้ชื่อผู้รับ,[ร่างช่วยทีม] รับเรื่องแก้ที่อยู่: «ยืนยันตัวตน + ขอที่อยู่ใหม่» แล้วอัปเดตก่อนตัดรอบส่ง,,ขั้นตอนแก้ที่อยู่ / เดดไลน์ก่อนตัดรอบส่ง,มีข้อมูลส่วนตัว - ส่งคน,,draft
53,faq-I14-quality-complaint,ร้องเรียนคุณภาพ ⚠️,👤 ส่งคน (ร่างช่วยตอบ),สินค้าเสีย รสชาติผิดปกติ ขอร้องเรียนคุณภาพ,[แนวทางพนักงาน] 1) ขอโทษและรับเรื่อง 2) ขอรูป+เลขล็อต/วันผลิต 3) ส่งต่อแบรนด์พิจารณาตาม «นโยบายชดเชยอ้างอิง» ห้ามรับปากชดเชยเอง,,ขั้นตอนรับเรื่องร้องเรียน / นโยบายชดเชย / ผู้อนุมัติ,ร้องเรียน+อาจมีการเคลม - ส่งแบรนด์ตัดสิน ห้ามระบบตอบเอง,,draft
54,faq-I14-package-damaged,ร้องเรียนคุณภาพ ⚠️,👤 ส่งคน (ร่างช่วยตอบ),กล่องแตก สินค้ารั่ว ฉลากลอก,[แนวทางพนักงาน] ขอรูปความเสียหาย + เลขล็อต ทาง «ช่องทางส่งรูป» แล้วส่งต่อแบรนด์/ทีมคุณภาพพิจารณา,,ขั้นตอนเคสสินค้าเสียหาย / ผู้รับผิดชอบ,อาจมีการเคลม - ส่งคน/แบรนด์,,draft
55,faq-I16-register,สมัคร/ลงทะเบียน,👤 ส่งคน (ร่างช่วยตอบ),สมัครเข้าร่วมกิจกรรมยังไง ลงทะเบียนตรงไหน,[ร่างช่วยทีม] วิธีสมัคร/ลงทะเบียน: «ขั้นตอน/ลิงก์ฟอร์ม» (ถ้าต้องกรอกข้อมูลส่วนตัวให้ทีมช่วยดำเนินการ),,ขั้นตอน/ลิงก์สมัคร,อาจมีข้อมูลส่วนตัว - ส่งคน,,draft
56,faq-I17-collab,ธุรกิจ/สื่อ,👤 ส่งคน (ร่างช่วยตอบ),บริษัทอยากเสนอร่วมงาน ขอข้อมูลโรงงาน/ผู้ผลิต,[ร่างช่วยทีม] รับเรื่องธุรกิจ/สื่อ/ความร่วมมือ: «ขอรายละเอียดข้อเสนอ + ส่งต่อผู้เกี่ยวข้อง»,,ช่องทางรับเรื่องธุรกิจ / ผู้รับผิดชอบ,,,draft
57,faq-I18-follow-up,ติดตามเคสเดิม,👤 ส่งคน (ร่างช่วยตอบ),เรื่องที่แจ้งไปความคืบหน้าถึงไหนแล้ว,[ร่างช่วยทีม] เช็กสถานะเคสเดิมจากเลขอ้างอิง แล้วอัปเดตลูกค้า: «สถานะล่าสุด»,,วิธีเช็กสถานะเคสเดิม,,,draft
